Mã trúng tuyển,Mã SV,Họ và Tên,Ngày sinh,Chuyên ngành,CCCD,Email
TT-24001,HE190001,Nguyễn Văn 1,01/01/2005,Kỹ thuật phần mềm (HE),001123456001,sv1@fpt.edu.vn
TT-24002,HE190002,Trần Thị 2,02/02/2005,Quản trị kinh doanh (HS),001123456002,sv2@fpt.edu.vn
TT-24003,HE190003,Lê Hoàng 3,03/03/2005,Trí tuệ nhân tạo (HA),001123456003,sv3@fpt.edu.vn
TT-24004,HE190004,Phạm Đức 4,04/04/2005,Kỹ thuật phần mềm (HE),001123456004,sv4@fpt.edu.vn
TT-24005,HE190005,Hoàng Minh 5,05/05/2005,Quản trị kinh doanh (HS),001123456005,sv5@fpt.edu.vn
TT-24006,HE190006,Vũ Tuấn 6,06/06/2005,Kinh doanh quốc tế (HB),001123456006,sv6@fpt.edu.vn
TT-24007,HE190007,Đặng Nam 7,07/07/2005,Ngôn ngữ Nhật (HJ),001123456007,sv7@fpt.edu.vn
TT-24008,HE190008,Bùi Ngọc 8,08/08/2005,Trí tuệ nhân tạo (HA),001123456008,sv8@fpt.edu.vn
TT-24009,HE190009,Đỗ Thành 9,09/09/2005,Kỹ thuật phần mềm (HE),001123456009,sv9@fpt.edu.vn
TT-24010,HE190010,Ngô Lan 10,10/10/2005,Quản trị kinh doanh (HS),001123456010,sv10@fpt.edu.vn
TT-24011,HE190011,Nguyễn Văn 11,11/01/2005,Kỹ thuật phần mềm (HE),001123456011,sv11@fpt.edu.vn
TT-24012,HE190012,Trần Thị 12,12/02/2005,Quản trị kinh doanh (HS),001123456012,sv12@fpt.edu.vn
TT-24013,HE190013,Lê Hoàng 13,13/03/2005,Trí tuệ nhân tạo (HA),001123456013,sv13@fpt.edu.vn
TT-24014,HE190014,Phạm Đức 14,14/04/2005,Kỹ thuật phần mềm (HE),001123456014,sv14@fpt.edu.vn
TT-24015,HE190015,Hoàng Minh 15,15/05/2005,Quản trị kinh doanh (HS),001123456015,sv15@fpt.edu.vn
TT-24016,HE190016,Vũ Tuấn 16,16/06/2005,Kinh doanh quốc tế (HB),001123456016,sv16@fpt.edu.vn
TT-24017,HE190017,Đặng Nam 17,17/07/2005,Ngôn ngữ Nhật (HJ),001123456017,sv17@fpt.edu.vn
TT-24018,HE190018,Bùi Ngọc 18,18/08/2005,Trí tuệ nhân tạo (HA),001123456018,sv18@fpt.edu.vn
TT-24019,HE190019,Đỗ Thành 19,19/09/2005,Kỹ thuật phần mềm (HE),001123456019,sv19@fpt.edu.vn
TT-24020,HE190020,Ngô Lan 20,20/10/2005,Quản trị kinh doanh (HS),001123456020,sv20@fpt.edu.vn
TT-24021,HE190021,Nguyễn Văn 21,21/01/2005,Kỹ thuật phần mềm (HE),001123456021,sv21@fpt.edu.vn
TT-24022,HE190022,Trần Thị 22,22/02/2005,Quản trị kinh doanh (HS),001123456022,sv22@fpt.edu.vn
TT-24023,HE190023,Lê Hoàng 23,23/03/2005,Trí tuệ nhân tạo (HA),001123456023,sv23@fpt.edu.vn
TT-24024,HE190024,Phạm Đức 24,24/04/2005,Kỹ thuật phần mềm (HE),001123456024,sv24@fpt.edu.vn
TT-24025,HE190025,Hoàng Minh 25,25/05/2005,Quản trị kinh doanh (HS),001123456025,sv25@fpt.edu.vn
TT-24026,HE190026,Vũ Tuấn 26,26/06/2005,Kinh doanh quốc tế (HB),001123456026,sv26@fpt.edu.vn
TT-24027,HE190027,Đặng Nam 27,27/07/2005,Ngôn ngữ Nhật (HJ),001123456027,sv27@fpt.edu.vn
TT-24028,HE190028,Bùi Ngọc 28,28/08/2005,Trí tuệ nhân tạo (HA),001123456028,sv28@fpt.edu.vn
TT-24029,HE190029,Đỗ Thành 29,29/09/2005,Kỹ thuật phần mềm (HE),001123456029,sv29@fpt.edu.vn
TT-24030,HE190030,Ngô Lan 30,01/10/2005,Quản trị kinh doanh (HS),001123456030,sv30@fpt.edu.vn
TT-24031,HE190031,Nguyễn Văn 31,02/01/2005,Kỹ thuật phần mềm (HE),001123456031,sv31@fpt.edu.vn
TT-24032,HE190032,Trần Thị 32,03/02/2005,Quản trị kinh doanh (HS),001123456032,sv32@fpt.edu.vn
TT-24033,HE190033,Lê Hoàng 33,04/03/2005,Trí tuệ nhân tạo (HA),001123456033,sv33@fpt.edu.vn
TT-24034,HE190034,Phạm Đức 34,05/04/2005,Kỹ thuật phần mềm (HE),001123456034,sv34@fpt.edu.vn
TT-24035,HE190035,Hoàng Minh 35,06/05/2005,Quản trị kinh doanh (HS),001123456035,sv35@fpt.edu.vn
TT-24036,HE190036,Vũ Tuấn 36,07/06/2005,Kinh doanh quốc tế (HB),001123456036,sv36@fpt.edu.vn
TT-24037,HE190037,Đặng Nam 37,08/07/2005,Ngôn ngữ Nhật (HJ),001123456037,sv37@fpt.edu.vn
TT-24038,HE190038,Bùi Ngọc 38,09/08/2005,Trí tuệ nhân tạo (HA),001123456038,sv38@fpt.edu.vn
TT-24039,HE190039,Đỗ Thành 39,10/09/2005,Kỹ thuật phần mềm (HE),001123456039,sv39@fpt.edu.vn
TT-24040,HE190040,Ngô Lan 40,11/10/2005,Quản trị kinh doanh (HS),001123456040,sv40@fpt.edu.vn
TT-24041,HE190041,Nguyễn Văn 41,12/01/2005,Kỹ thuật phần mềm (HE),001123456041,sv41@fpt.edu.vn
TT-24042,HE190042,Trần Thị 42,13/02/2005,Quản trị kinh doanh (HS),001123456042,sv42@fpt.edu.vn
TT-24043,HE190043,Lê Hoàng 43,14/03/2005,Trí tuệ nhân tạo (HA),001123456043,sv43@fpt.edu.vn
TT-24044,HE190044,Phạm Đức 44,15/04/2005,Kỹ thuật phần mềm (HE),001123456044,sv44@fpt.edu.vn
TT-24045,HE190045,Hoàng Minh 45,16/05/2005,Quản trị kinh doanh (HS),001123456045,sv45@fpt.edu.vn
TT-24046,HE190046,Vũ Tuấn 46,17/06/2005,Kinh doanh quốc tế (HB),001123456046,sv46@fpt.edu.vn
TT-24047,HE190047,Đặng Nam 47,18/07/2005,Ngôn ngữ Nhật (HJ),001123456047,sv47@fpt.edu.vn
TT-24048,HE190048,Bùi Ngọc 48,19/08/2005,Trí tuệ nhân tạo (HA),001123456048,sv48@fpt.edu.vn
TT-24049,HE190049,Đỗ Thành 49,20/09/2005,Kỹ thuật phần mềm (HE),001123456049,sv49@fpt.edu.vn
TT-24050,HE190050,Ngô Lan 50,21/10/2005,Quản trị kinh doanh (HS),001123456050,sv50@fpt.edu.vn
TT-24051,HE190051,Nguyễn Văn 51,22/01/2005,Kỹ thuật phần mềm (HE),001123456051,sv51@fpt.edu.vn
TT-24052,HE190052,Trần Thị 52,23/02/2005,Quản trị kinh doanh (HS),001123456052,sv52@fpt.edu.vn
TT-24053,HE190053,Lê Hoàng 53,24/03/2005,Trí tuệ nhân tạo (HA),001123456053,sv53@fpt.edu.vn
TT-24054,HE190054,Phạm Đức 54,25/04/2005,Kỹ thuật phần mềm (HE),001123456054,sv54@fpt.edu.vn
TT-24055,HE190055,Hoàng Minh 55,26/05/2005,Quản trị kinh doanh (HS),001123456055,sv55@fpt.edu.vn
TT-24056,HE190056,Vũ Tuấn 56,27/06/2005,Kinh doanh quốc tế (HB),001123456056,sv56@fpt.edu.vn
TT-24057,HE190057,Đặng Nam 57,28/07/2005,Ngôn ngữ Nhật (HJ),001123456057,sv57@fpt.edu.vn
TT-24058,HE190058,Bùi Ngọc 58,01/08/2005,Trí tuệ nhân tạo (HA),001123456058,sv58@fpt.edu.vn
TT-24059,HE190059,Đỗ Thành 59,02/09/2005,Kỹ thuật phần mềm (HE),001123456059,sv59@fpt.edu.vn
TT-24060,HE190060,Ngô Lan 60,03/10/2005,Quản trị kinh doanh (HS),001123456060,sv60@fpt.edu.vn
TT-24061,HE190061,Nguyễn Văn 61,04/01/2005,Kỹ thuật phần mềm (HE),001123456061,sv61@fpt.edu.vn
TT-24062,HE190062,Trần Thị 62,05/02/2005,Quản trị kinh doanh (HS),001123456062,sv62@fpt.edu.vn
TT-24063,HE190063,Lê Hoàng 63,06/03/2005,Trí tuệ nhân tạo (HA),001123456063,sv63@fpt.edu.vn
TT-24064,HE190064,Phạm Đức 64,07/04/2005,Kỹ thuật phần mềm (HE),001123456064,sv64@fpt.edu.vn
TT-24065,HE190065,Hoàng Minh 65,08/05/2005,Quản trị kinh doanh (HS),001123456065,sv65@fpt.edu.vn
TT-24066,HE190066,Vũ Tuấn 66,09/06/2005,Kinh doanh quốc tế (HB),001123456066,sv66@fpt.edu.vn
TT-24067,HE190067,Đặng Nam 67,10/07/2005,Ngôn ngữ Nhật (HJ),001123456067,sv67@fpt.edu.vn
TT-24068,HE190068,Bùi Ngọc 68,11/08/2005,Trí tuệ nhân tạo (HA),001123456068,sv68@fpt.edu.vn
TT-24069,HE190069,Đỗ Thành 69,12/09/2005,Kỹ thuật phần mềm (HE),001123456069,sv69@fpt.edu.vn
TT-24070,HE190070,Ngô Lan 70,13/10/2005,Quản trị kinh doanh (HS),001123456070,sv70@fpt.edu.vn
TT-24071,HE190071,Nguyễn Văn 71,14/01/2005,Kỹ thuật phần mềm (HE),001123456071,sv71@fpt.edu.vn
TT-24072,HE190072,Trần Thị 72,15/02/2005,Quản trị kinh doanh (HS),001123456072,sv72@fpt.edu.vn
TT-24073,HE190073,Lê Hoàng 73,16/03/2005,Trí tuệ nhân tạo (HA),001123456073,sv73@fpt.edu.vn
TT-24074,HE190074,Phạm Đức 74,17/04/2005,Kỹ thuật phần mềm (HE),001123456074,sv74@fpt.edu.vn
TT-24075,HE190075,Hoàng Minh 75,18/05/2005,Quản trị kinh doanh (HS),001123456075,sv75@fpt.edu.vn
TT-24076,HE190076,Vũ Tuấn 76,19/06/2005,Kinh doanh quốc tế (HB),001123456076,sv76@fpt.edu.vn
TT-24077,HE190077,Đặng Nam 77,20/07/2005,Ngôn ngữ Nhật (HJ),001123456077,sv77@fpt.edu.vn
TT-24078,HE190078,Bùi Ngọc 78,21/08/2005,Trí tuệ nhân tạo (HA),001123456078,sv78@fpt.edu.vn
TT-24079,HE190079,Đỗ Thành 79,22/09/2005,Kỹ thuật phần mềm (HE),001123456079,sv79@fpt.edu.vn
TT-24080,HE190080,Ngô Lan 80,23/10/2005,Quản trị kinh doanh (HS),001123456080,sv80@fpt.edu.vn
TT-24081,HE190081,Nguyễn Văn 81,24/01/2005,Kỹ thuật phần mềm (HE),001123456081,sv81@fpt.edu.vn
TT-24082,HE190082,Trần Thị 82,25/02/2005,Quản trị kinh doanh (HS),001123456082,sv82@fpt.edu.vn
TT-24083,HE190083,Lê Hoàng 83,26/03/2005,Trí tuệ nhân tạo (HA),001123456083,sv83@fpt.edu.vn
TT-24084,HE190084,Phạm Đức 84,27/04/2005,Kỹ thuật phần mềm (HE),001123456084,sv84@fpt.edu.vn
TT-24085,HE190085,Hoàng Minh 85,28/05/2005,Quản trị kinh doanh (HS),001123456085,sv85@fpt.edu.vn
TT-24086,HE190086,Vũ Tuấn 86,01/06/2005,Kinh doanh quốc tế (HB),001123456086,sv86@fpt.edu.vn
TT-24087,HE190087,Đặng Nam 87,02/07/2005,Ngôn ngữ Nhật (HJ),001123456087,sv87@fpt.edu.vn
TT-24088,HE190088,Bùi Ngọc 88,03/08/2005,Trí tuệ nhân tạo (HA),001123456088,sv88@fpt.edu.vn
TT-24089,HE190089,Đỗ Thành 89,04/09/2005,Kỹ thuật phần mềm (HE),001123456089,sv89@fpt.edu.vn
TT-24090,HE190090,Ngô Lan 90,05/10/2005,Quản trị kinh doanh (HS),001123456090,sv90@fpt.edu.vn
TT-24091,HE190091,Nguyễn Văn 91,06/01/2005,Kỹ thuật phần mềm (HE),001123456091,sv91@fpt.edu.vn
TT-24092,HE190092,Trần Thị 92,07/02/2005,Quản trị kinh doanh (HS),001123456092,sv92@fpt.edu.vn
TT-24093,HE190093,Lê Hoàng 93,08/03/2005,Trí tuệ nhân tạo (HA),001123456093,sv93@fpt.edu.vn
TT-24094,HE190094,Phạm Đức 94,09/04/2005,Kỹ thuật phần mềm (HE),001123456094,sv94@fpt.edu.vn
TT-24095,HE190095,Hoàng Minh 95,10/05/2005,Quản trị kinh doanh (HS),001123456095,sv95@fpt.edu.vn
TT-24096,HE190096,Vũ Tuấn 96,11/06/2005,Kinh doanh quốc tế (HB),001123456096,sv96@fpt.edu.vn
TT-24097,HE190097,Đặng Nam 97,12/07/2005,Ngôn ngữ Nhật (HJ),001123456097,sv97@fpt.edu.vn
TT-24098,HE190098,Bùi Ngọc 98,13/08/2005,Trí tuệ nhân tạo (HA),001123456098,sv98@fpt.edu.vn
TT-24099,HE190099,Đỗ Thành 99,14/09/2005,Kỹ thuật phần mềm (HE),001123456099,sv99@fpt.edu.vn
TT-24100,HE190100,Ngô Lan 100,15/10/2005,Quản trị kinh doanh (HS),001123456100,sv100@fpt.edu.vn
